{
    "IY": [
        1.0,
        0.9,
        0.8,
        0.76,
        0.72,
        0.68,
        0.64,
        0.6,
        0.5599999999999999,
        0.52,
        0.48,
        0.44,
        0.4,
        0.9500000000000001,
        1.5,
        2.333333333333333,
        3.1666666666666665,
        4.0,
        5.0,
        6.0,
        4.5,
        3.0
    ],
    "IH": [
        1.2,
        1.1,
        1.0,
        0.96,
        0.92,
        0.88,
        0.8400000000000001,
        0.8,
        0.76,
        0.72,
        0.68,
        0.64,
        0.6,
        1.2999999999999998,
        2.0,
        2.833333333333333,
        3.6666666666666665,
        4.5,
        4.75,
        5.0,
        4.0,
        3.0
    ],
    "EH": [
        1.5,
        1.35,
        1.2,
        1.16,
        1.1199999999999999,
        1.08,
        1.04,
        1.0,
        1.1,
        1.2,
        1.3,
        1.4,
        1.5,
        2.25,
        3.0,
        3.6666666666666665,
        4.333333333333333,
        5.0,
        5.0,
        5.0,
        4.25,
        3.5
    ],
    "AE": [
        2.0,
        1.9,
        1.8,
        1.94,
        2.08,
        2.22,
        2.36,
        2.5,
        2.7,
        2.9,
        3.1,
        3.3,
        3.5,
        4.0,
        4.5,
        4.833333333333333,
        5.166666666666667,
        5.5,
        5.25,
        5.0,
        4.5,
        4.0
    ],
    "AA": [
        2.5,
        2.75,
        3.0,
        3.3,
        3.6,
        3.9,
        4.2,
        4.5,
        4.7,
        4.9,
        5.1,
        5.3,
        5.5,
        4.75,
        4.0,
        3.5,
        3.0,
        2.5,
        2.25,
        2.0,
        2.25,
        2.5
    ],
    "AH": [
        2.0,
        2.25,
        2.5,
        2.7,
        2.9,
        3.1,
        3.3,
        3.5,
        3.6,
        3.7,
        3.8,
        3.9,
        4.0,
        3.75,
        3.5,
        3.3333333333333335,
        3.1666666666666665,
        3.0,
        3.0,
        3.0,
        3.0,
        3.0
    ],
    "AO": [
        2.0,
        2.25,
        2.5,
        2.8,
        3.1,
        3.4,
        3.7,
        4.0,
        4.2,
        4.4,
        4.6,
        4.8,
        5.0,
        4.25,
        3.5,
        3.0,
        2.5,
        2.0,
        1.75,
        1.5,
        1.5,
        1.5
    ],
    "UH": [
        1.5,
        1.75,
        2.0,
        2.3,
        2.6,
        2.9,
        3.2,
        3.5,
        3.7,
        3.9,
        4.1,
        4.3,
        4.5,
        3.75,
        3.0,
        2.5,
        2.0,
        1.5,
        1.25,
        1.0,
        1.0,
        1.0
    ],
    "UW": [
        1.0,
        1.25,
        1.5,
        1.8,
        2.1,
        2.4,
        2.7,
        3.0,
        3.4,
        3.8,
        4.2,
        4.6,
        5.0,
        4.0,
        3.0,
        2.3333333333333335,
        1.6666666666666667,
        1.0,
        0.75,
        0.5,
        0.5,
        0.5
    ],
    "ER": [
        1.5,
        1.75,
        2.0,
        2.1,
        2.2,
        2.3,
        2.4,
        2.5,
        2.4,
        2.3,
        2.2,
        2.1,
        2.0,
        1.75,
        1.5,
        1.8333333333333333,
        2.1666666666666665,
        2.5,
        3.0,
        3.5,
        3.25,
        3.0
    ]
}
