{
  "IY": [
    0.25,
    0.5,
    0.5,
    0.5,
    0.5,
    0.5,
    0.5,
    0.5,
    4.25,
    6.4,
    8.0,
    8.0,
    8.0,
    8.0,
    8.0,
    8.0,
    8.0,
    8.0,
    5.0,
    2.4,
    2.0,
    1.6
  ],
  "IH": [
    0.5,
    1.0,
    1.0,
    1.0,
    1.0,
    1.0,
    1.0,
    1.0,
    3.5,
    4.800000000000001,
    6.0,
    6.0,
    6.0,
    6.0,
    6.0,
    6.0,
    6.0,
    6.0,
    4.25,
    3.0,
    2.5,
    2.0
  ],
  "EH": [
    1.0,
    2.0,
    2.0,
    2.0,
    2.0,
    2.0,
    2.0,
    2.0,
    3.5,
    4.0,
    5.0,
    5.0,
    5.0,
    5.0,
    5.0,
    5.0,
    5.0,
    5.0,
    4.0,
    3.5999999999999996,
    3.0,
    2.4000000000000004
  ],
  "AE": [
    1.75,
    3.5,
    3.5,
    3.5,
    3.5,
    3.5,
    3.5,
    3.5,
    3.75,
    3.2,
    4.0,
    4.0,
    4.0,
    4.0,
    4.0,
    4.0,
    4.0,
    4.0,
    4.0,
    4.8,
    4.0,
    3.2
  ],
  "AA": [
    3.0,
    6.0,
    6.0,
    6.0,
    6.0,
    6.0,
    6.0,
    6.0,
    3.75,
    1.2000000000000002,
    1.5,
    1.5,
    1.5,
    1.5,
    1.5,
    1.5,
    1.5,
    1.5,
    2.25,
    3.5999999999999996,
    3.0,
    2.4000000000000004
  ],
  "AH": [
    2.0,
    4.0,
    4.0,
    4.0,
    4.0,
    4.0,
    4.0,
    4.0,
    3.0,
    1.6,
    2.0,
    2.0,
    2.0,
    2.0,
    2.0,
    2.0,
    2.0,
    2.0,
    2.5,
    3.5999999999999996,
    3.0,
    2.4000000000000004
  ],
  "AO": [
    1.5,
    3.0,
    3.0,
    3.0,
    3.0,
    3.0,
    3.0,
    3.0,
    2.0,
    0.8,
    1.0,
    1.0,
    1.0,
    1.0,
    1.0,
    1.0,
    1.0,
    1.0,
    1.25,
    1.7999999999999998,
    1.5,
    1.2000000000000002
  ],
  "UH": [
    1.0,
    2.0,
    2.0,
    2.0,
    2.0,
    2.0,
    2.0,
    2.0,
    2.5,
    2.4000000000000004,
    3.0,
    3.0,
    3.0,
    3.0,
    3.0,
    3.0,
    3.0,
    3.0,
    2.0,
    1.2,
    1.0,
    0.8
  ],
  "UW": [
    0.5,
    1.0,
    1.0,
    1.0,
    1.0,
    1.0,
    1.0,
    1.0,
    2.5,
    3.2,
    4.0,
    4.0,
    4.0,
    4.0,
    4.0,
    4.0,
    4.0,
    4.0,
    2.25,
    0.6,
    0.5,
    0.4
  ],
  "ER": [
    0.75,
    1.5,
    1.5,
    1.5,
    1.5,
    1.5,
    1.5,
    1.5,
    1.75,
    1.6,
    2.0,
    2.0,
    2.0,
    2.0,
    2.0,
    2.0,
    2.0,
    2.0,
    2.25,
    3.0,
    2.5,
    2.0
  ],
  "AX": [
    1.5,
    3.0,
    3.0,
    3.0,
    3.0,
    3.0,
    3.0,
    3.0,
    3.0,
    2.4000000000000004,
    3.0,
    3.0,
    3.0,
    3.0,
    3.0,
    3.0,
    3.0,
    3.0,
    3.0,
    3.5999999999999996,
    3.0,
    2.4000000000000004
  ],
  "EY": [
    1.0,
    2.0,
    2.0,
    2.0,
    2.0,
    2.0,
    2.0,
    2.0,
    3.75,
    4.4,
    5.5,
    5.5,
    5.5,
    5.5,
    5.5,
    5.5,
    5.5,
    5.5,
    4.25,
    3.5999999999999996,
    3.0,
    2.4000000000000004
  ],
  "AY": [
    2.5,
    5.0,
    5.0,
    5.0,
    5.0,
    5.0,
    5.0,
    5.0,
    3.5,
    1.6,
    2.0,
    2.0,
    2.0,
    2.0,
    2.0,
    2.0,
    2.0,
    2.0,
    2.5,
    3.5999999999999996,
    3.0,
    2.4000000000000004
  ],
  "OW": [
    1.5,
    3.0,
    3.0,
    3.0,
    3.0,
    3.0,
    3.0,
    3.0,
    2.25,
    1.2000000000000002,
    1.5,
    1.5,
    1.5,
    1.5,
    1.5,
    1.5,
    1.5,
    1.5,
    1.25,
    1.2,
    1.0,
    0.8
  ],
  "AW": [
    2.5,
    5.0,
    5.0,
    5.0,
    5.0,
    5.0,
    5.0,
    5.0,
    3.25,
    1.2000000000000002,
    1.5,
    1.5,
    1.5,
    1.5,
    1.5,
    1.5,
    1.5,
    1.5,
    1.5,
    1.7999999999999998,
    1.5,
    1.2000000000000002
  ],
  "OY": [
    1.5,
    3.0,
    3.0,
    3.0,
    3.0,
    3.0,
    3.0,
    3.0,
    2.0,
    0.8,
    1.0,
    1.0,
    1.0,
    1.0,
    1.0,
    1.0,
    1.0,
    1.0,
    1.25,
    1.7999999999999998,
    1.5,
    1.2000000000000002
  ]
}