{
  "IY": [
    5.285766247050235,
    0.46320976600863184,
    6.310762324933446,
    1.6748593435961416,
    5.860528650961271,
    9.653815414990207,
    5.32590499608864,
    7.304506393794341,
    7.374300017384172,
    8.6488399454276,
    5.952986559914947,
    1.2129153176109748,
    4.974166416524714,
    9.518878047809192,
    7.487569082265736,
    6.982104058905501,
    8.216074237821939,
    2.6512388827066484,
    2.2906025461996773,
    3.5038739972720983,
    7.526898099353158,
    9.233392808171274
  ],
  "IH": [
    0.9816876133658818,
    0.5366196747213634,
    7.960488621549407,
    8.548731643139941,
    9.56066439300375,
    4.731580274896537,
    5.961240651491924,
    7.2960509099846895,
    0.20706396459760534,
    3.9067658944582426,
    1.0284756968907678,
    2.8682637648729283,
    3.3470069973574006,
    1.7890806428627253,
    5.112185995939647,
    7.988608998026651,
    8.150556322152848,
    5.640632991216675,
    5.345110669325072,
    7.06762992578771,
    5.289383569867654,
    9.483210405297518
  ],
  "EH": [
    9.244317455448273,
    6.217141294225801,
    2.831466304434434,
    5.711614588897865,
    5.5052478635830955,
    5.740984908837232,
    7.061717334415135,
    6.1730031763802735,
    0.7326558508723766,
    9.233852847045434,
    1.6460582765677645,
    0.8734469819512436,
    4.102647800660893,
    8.222835105143274,
    1.5703680460282021,
    0.6759272590455281,
    0.04966809522411552,
    8.174014138236029,
    9.607879737951347,
    5.960306364447423,
    0.06628884392027444,
    2.488778921633669
  ],
  "AE": [
    3.685855173936286,
    2.6783961083350842,
    6.637477768728083,
    8.087876993421116,
    4.925482530550681,
    8.335428500306524,
    6.989389568008804,
    7.085775698778395,
    3.811561686539461,
    5.62464526879417,
    6.507226818134999,
    0.948325851681773,
    7.18550634736145,
    6.714186642112466,
    2.917252520767324,
    7.8291990337587425,
    2.5413724987074087,
    5.464058030841041,
    6.106944158592903,
    8.592567928747364,
    0.019166122680106527,
    7.948737384842964
  ],
  "AA": [
    7.367765363005976,
    0.369107147119051,
    3.8461478061873944,
    5.5709950175317235,
    4.803272827671201,
    9.013916141091837,
    9.860127693156107,
    9.507682732364877,
    3.614246632909934,
    9.14059239132563,
    9.960735804667678,
    2.62545704353251,
    4.18839314671982,
    1.606318444351061,
    4.039987806236903,
    1.798152845150746,
    2.2650248472705012,
    8.370881474051052,
    7.6060092181762435,
    2.5248210339112838,
    4.576628953555925,
    6.768392976151317
  ],
  "AH": [
    8.739091151418132,
    4.084919694554284,
    3.738582545484716,
    6.952944676498856,
    9.515178703292525,
    8.973768666742554,
    8.660455338026324,
    7.933378942023165,
    3.1844506705256492,
    0.22461702862277932,
    0.8606749895265955,
    3.6752939593692506,
    2.4079942986063134,
    7.482099658058605,
    1.7907580176078979,
    3.2582784385921304,
    4.140288471267851,
    5.490639396436752,
    4.870626631926553,
    8.40175843503734,
    1.5130480755403577,
    5.690906479018256
  ],
  "AO": [
    7.68628128426046,
    7.289823654565694,
    2.1971528698009255,
    2.702037337720949,
    3.1048217560238154,
    1.8094524892123227,
    4.643887470862168,
    6.799455216703182,
    7.398534118709067,
    5.7482988572244285,
    3.9958953659530785,
    5.944012985738176,
    8.609793704350915,
    1.4903024477404119,
    0.07720328647262796,
    0.8933528002823403,
    1.9235166145377802,
    0.40885582512978247,
    4.598126086863884,
    1.6404664527103832,
    3.585719058047472,
    5.2859552743889004
  ],
  "UH": [
    5.676096904604313,
    8.875913659615577,
    7.660366053551108,
    7.841064753286888,
    8.231274977737609,
    5.049235562458721,
    7.399804559877754,
    1.3935339258244446,
    0.4907126269321973,
    8.219043715255992,
    6.644097397803893,
    1.830109682697968,
    2.3122631472018895,
    5.890603613202444,
    4.948781367407875,
    4.869566295490447,
    9.990794645882087,
    3.5499744481468607,
    6.5355291441155465,
    4.037505012427374,
    5.001989308669602,
    9.079825809886309
  ],
  "UW": [
    1.7826090339003324,
    8.41294003528962,
    5.502096009701139,
    3.1536952925905943,
    7.979505675983834,
    7.770101278672836,
    9.789428955838126,
    4.246412245507628,
    4.929000898685015,
    7.919791018459295,
    1.9384094331192403,
    5.315036695921892,
    8.716812899568044,
    1.2494222277710938,
    8.72231611835993,
    1.0172723941068755,
    3.418814623234221,
    5.7146148750745525,
    6.431068224325381,
    8.96425124772642,
    9.987052330245145,
    8.676118567323481
  ],
  "ER": [
    4.3048562785500035,
    5.764264836370501,
    8.476062310766093,
    7.024580302367333,
    5.474260550582406,
    4.5260357471943955,
    3.4445171405698165,
    9.195837749493325,
    4.037367823520057,
    1.7945918736877096,
    8.794143358341238,
    4.973663097668126,
    7.593143758860187,
    7.499631930529073,
    5.804707480982028,
    3.949487985890496,
    8.45771851850073,
    2.739915157548422,
    1.883290240888787,
    3.5988739091790922,
    3.0252777621900933,
    9.819128260390464
  ],
  "AX": [
    2.0,
    2.5,
    3.0,
    3.5,
    3.5,
    3.5,
    3.5,
    3.5,
    3.5,
    3.5,
    3.5,
    3.5,
    3.5,
    3.5,
    3.5,
    3.5,
    3.5,
    3.5,
    3.0,
    3.0,
    2.5,
    2.5
  ],
  "EY": [
    1.0,
    1.2,
    1.4,
    1.2,
    1.0,
    1.0,
    1.3,
    1.8,
    2.5,
    3.5,
    4.5,
    5.5,
    6.0,
    6.0,
    5.5,
    5.0,
    4.5,
    4.0,
    3.5,
    3.0,
    2.5,
    2.2
  ],
  "AY": [
    2.0,
    3.0,
    4.0,
    5.0,
    5.5,
    6.0,
    5.5,
    5.0,
    4.0,
    3.0,
    2.0,
    1.5,
    1.2,
    1.5,
    2.0,
    2.5,
    3.0,
    3.5,
    3.5,
    3.0,
    2.5,
    2.5
  ],
  "OW": [
    1.5,
    2.0,
    3.0,
    4.0,
    5.0,
    5.0,
    4.5,
    4.0,
    3.0,
    2.0,
    1.5,
    1.2,
    1.0,
    1.0,
    1.2,
    1.5,
    1.5,
    1.5,
    1.2,
    1.0,
    0.8,
    0.7
  ],
  "AW": [
    2.0,
    3.0,
    4.0,
    5.0,
    5.5,
    6.0,
    5.5,
    5.0,
    4.0,
    3.0,
    2.5,
    2.0,
    1.5,
    1.5,
    1.5,
    1.5,
    1.2,
    1.0,
    0.8,
    0.6,
    0.5,
    0.5
  ],
  "OY": [
    1.5,
    2.0,
    3.0,
    4.0,
    5.0,
    5.0,
    4.5,
    4.0,
    3.0,
    2.0,
    1.5,
    1.2,
    1.0,
    1.0,
    1.2,
    1.5,
    1.5,
    1.5,
    1.2,
    1.0,
    0.8,
    0.7
  ],
  "P": [
    2.0,
    2.5,
    3.0,
    3.5,
    4.0,
    4.0,
    4.0,
    4.0,
    4.0,
    4.0,
    4.0,
    4.0,
    4.0,
    4.0,
    3.5,
    3.0,
    2.5,
    2.0,
    1.0,
    0.3,
    0.1,
    0.05
  ],
  "B": [
    2.0,
    2.5,
    3.0,
    3.5,
    4.0,
    4.0,
    4.0,
    4.0,
    4.0,
    4.0,
    4.0,
    4.0,
    4.0,
    4.0,
    3.5,
    3.0,
    2.5,
    2.0,
    1.0,
    0.3,
    0.1,
    0.05
  ],
  "M": [
    2.0,
    2.5,
    3.0,
    3.5,
    4.0,
    4.0,
    4.0,
    4.0,
    4.0,
    4.0,
    4.0,
    4.0,
    4.0,
    4.0,
    3.5,
    3.0,
    2.5,
    2.0,
    1.0,
    0.3,
    0.1,
    0.05
  ],
  "T": [
    2.0,
    2.5,
    3.0,
    3.5,
    4.0,
    4.0,
    4.0,
    4.0,
    4.0,
    4.0,
    4.0,
    4.0,
    4.0,
    3.5,
    2.0,
    0.5,
    0.05,
    0.05,
    1.0,
    2.0,
    3.0,
    3.0
  ],
  "D": [
    2.0,
    2.5,
    3.0,
    3.5,
    4.0,
    4.0,
    4.0,
    4.0,
    4.0,
    4.0,
    4.0,
    4.0,
    4.0,
    3.5,
    2.0,
    0.5,
    0.05,
    0.05,
    1.0,
    2.0,
    3.0,
    3.0
  ],
  "N": [
    2.0,
    2.5,
    3.0,
    3.5,
    4.0,
    4.0,
    4.0,
    4.0,
    4.0,
    4.0,
    4.0,
    4.0,
    4.0,
    3.5,
    2.0,
    0.5,
    0.05,
    0.05,
    1.0,
    2.0,
    3.0,
    3.0
  ],