{
  "IY": [
    1.025,
    0.9,
    0.8,
    0.76,
    0.72,
    0.68,
    0.64,
    0.6,
    0.5599999999999999,
    0.52,
    0.48,
    0.44,
    0.4,
    0.9500000000000001,
    1.5,
    2.333333333333333,
    3.1666666666666665,
    4.0,
    5.0,
    6.0,
    4.5,
    3.075
  ],
  "IH": [
    1.2,
    1.1,
    1.025,
    0.96,
    0.92,
    0.88,
    0.8400000000000001,
    0.8200000000000001,
    0.76,
    0.72,
    0.68,
    0.64,
    0.6,
    1.2999999999999998,
    2.0,
    2.833333333333333,
    3.6666666666666665,
    4.5,
    4.75,
    5.0,
    4.0,
    3.0
  ],
  "EH": [
    1.5007567558544679,
    1.3533284062439446,
    1.2029585833279495,
    1.2063599638836844,
    1.1227613444394209,
    1.0793312088915608,
    1.0425641055508899,
    0.9888291224702617,
    1.102712034717288,
    1.2029585833279495,
    1.2984689945230847,
    1.3968974936846634,
    1.5029163425994558,
    2.2458916220197205,
    2.9955950206618702,
    3.6757067823909595,
    4.344017106462041,
    5.0123274305331265,
    5.007003642411364,
    4.992455525293147,
    4.255161773000248,
    3.505124977071887
  ],
  "AE": [
    2.0,
    1.9,
    1.8,
    1.94,
    2.08,
    2.22,
    2.36,
    2.5,
    2.7,
    2.9,
    3.1,
    3.3,
    3.5,
    4.0,
    4.5,
    4.833333333333333,
    5.166666666666667,
    5.5,
    5.25,
    5.0,
    4.5,
    4.0
  ],
  "AA": [
    2.625,
    2.75,
    3.0,
    3.3,
    3.6,
    3.9,
    4.2,
    4.5,
    4.7,
    4.9,
    5.1,
    5.3,
    5.5,
    4.75,
    4.0,
    3.5,
    3.0,
    2.5,
    2.25,
    2.0,
    2.25,
    2.5
  ],
  "AH": [
    2.0,
    2.25,
    2.5,
    2.7,
    2.9,
    3.1,
    3.3,
    3.5,
    3.6,
    3.7,
    3.8,
    3.9,
    4.2,
    3.75,
    3.5,
    3.3333333333333335,
    3.1666666666666665,
    3.0,
    3.0,
    3.0,
    3.0,
    3.0
  ],
  "AO": [
    2.0,
    2.25,
    2.5,
    2.8,
    3.1,
    3.4,
    3.7,
    4.0,
    4.2,
    4.4,
    4.6,
    4.8,
    5.0,
    4.25,
    3.5,
    3.0,
    2.5,
    2.0,
    1.75,
    1.5,
    1.5,
    1.5
  ],
  "UH": [
    1.51875,
    1.75,
    2.0,
    2.3,
    2.6,
    2.9,
    3.2,
    3.5,
    3.7,
    3.9,
    4.1,
    4.3,
    4.5,
    3.75,
    3.0,
    2.5,
    2.0,
    1.5,
    1.25,
    1.0,
    1.0,
    1.0
  ],
  "UW": [
    0.9916420985608709,
    1.261397138326085,
    1.4318583841731196,
    1.7993044411730341,
    2.119147192387826,
    2.394736818816052,
    2.7246178187843473,
    3.027353131982604,
    3.385233934419793,
    3.795248352352016,
    4.176620037072744,
    4.585182305793566,
    5.04558855330434,
    4.036470842643473,
    3.027353131982604,
    2.3546079915420264,
    1.681862851101447,
    1.0091177106608682,
    0.7568382829956506,
    0.5045588553304341,
    0.5045588553304341,
    0.5045588553304341
  ],
  "ER": [
    1.5011940767381482,
    1.7586487157618975,
    2.0060422793264077,
    2.0917592494961306,
    2.210872671243531,
    2.297603253606696,
    2.3990058955883375,
    2.5163337799179173,
    2.4084470447645803,
    2.31136688357278,
    2.196620762891992,
    2.107457548496681,
    1.9949857975109415,
    1.8023987157618984,
    1.5030861960302713,
    1.831372098965559,
    2.165816604265453,
    2.5123553082312844,
    3.0035109637785458,
    3.4925627145500515,
    3.2372500239788833,
    2.9904470895744906
  ],
  "AX": [
    2.0,
    2.5,
    3.0,
    3.5,
    3.5,
    3.5,
    3.5,
    3.5,
    3.5,
    3.5,
    3.5,
    3.5,
    3.5,
    3.5,
    3.5,
    3.5,
    3.5,
    3.5,
    3.0,
    3.0,
    2.5,
    2.5
  ],
  "EY": [
    1.0,
    1.2,
    1.4,
    1.2,
    1.0,
    1.0,
    1.3,
    1.8,
    2.5,
    3.5,
    4.5,
    5.5,
    6.0,
    6.0,
    5.5,
    5.0,
    4.5,
    4.0,
    3.5,
    3.0,
    2.5,
    2.2
  ],
  "AY": [
    2.0,
    3.0,
    4.0,
    5.0,
    5.5,
    6.0,
    5.5,
    5.0,
    4.0,
    3.0,
    2.0,
    1.5,
    1.2,
    1.5,
    2.0,
    2.5,
    3.0,
    3.5,
    3.5,
    3.0,
    2.5,
    2.5
  ],
  "OW": [
    1.5,
    2.0,
    3.0,
    4.0,
    5.0,
    5.0,
    4.5,
    4.0,
    3.0,
    2.0,
    1.5,
    1.2,
    1.0,
    1.0,
    1.2,
    1.5,
    1.5,
    1.5,
    1.2,
    1.0,
    0.8,
    0.7
  ],
  "AW": [
    2.0,
    3.0,
    4.0,
    5.0,
    5.5,
    6.0,
    5.5,
    5.0,
    4.0,
    3.0,
    2.5,
    2.0,
    1.5,
    1.5,
    1.5,
    1.5,
    1.2,
    1.0,
    0.8,
    0.6,
    0.5,
    0.5
  ],
  "OY": [
    1.5,
    2.0,
    3.0,
    4.0,
    5.0,
    5.0,
    4.5,
    4.0,
    3.0,
    2.0,
    1.5,
    1.2,
    1.0,
    1.0,
    1.2,
    1.5,
    1.5,
    1.5,
    1.2,
    1.0,
    0.8,
    0.7
  ],
  "P": [
    2.0,
    2.5,
    3.0,
    3.5,
    4.0,
    4.0,
    4.0,
    4.0,
    4.0,
    4.0,
    4.0,
    4.0,
    4.0,
    4.0,
    3.5,
    3.0,
    2.5,
    2.0,
    1.0,
    0.3,
    0.1,
    0.05
  ],
  "B": [
    2.0,
    2.5,
    3.0,
    3.5,
    4.0,
    4.0,
    4.0,
    4.0,
    4.0,
    4.0,
    4.0,
    4.0,
    4.0,
    4.0,
    3.5,
    3.0,
    2.5,
    2.0,
    1.0,
    0.3,
    0.1,
    0.05
  ],
  "M": [
    2.0,
    2.5,
    3.0,
    3.5,
    4.0,
    4.0,
    4.0,
    4.0,
    4.0,
    4.0,
    4.0,
    4.0,
    4.0,
    4.0,
    3.5,
    3.0,
    2.5,
    2.0,
    1.0,
    0.3,
    0.1,
    0.05
  ],
  "T": [
    2.0,
    2.5,
    3.0,
    3.5,
    4.0,
    4.0,
    4.0,
    4.0,
    4.0,
    4.0,
    4.0,
    4.0,
    4.0,
    3.5,
    2.0,
    0.5,
    0.05,
    0.05,
    1.0,
    2.0,
    3.0,
    3.0
  ],
  "D": [
    2.0,
    2.5,
    3.0,
    3.5,
    4.0,
    4.0,
    4.0,
    4.0,
    4.0,
    4.0,
    4.0,
    4.0,
    4.0,
    3.5,
    2.0,
    0.5,
    0.05,
    0.05,
    1.0,
    2.0,
    3.0,
    3.0
  ],
  "N": [
    2.0,
    2.5,
    3.0,
    3.5,
    4.0,
    4.0,
    4.0,
    4.0,
    4.0,
    4.0,
    4.0,
    4.0,
    4.0,
    3.5,
    2.0,
    0.5,
    0.05,
    0.05,
    1.0,
    2.0,
    3.0,
    3.0
  ],
  "K": [
    2.0,
    2.5,
    3.0,
    3.5,
    4.0,
    4.0,
    4.0,
    4.0,
    3.5,
    2.0,
    0.5,
    0.05,
    0.05,
    0.5,
    2.0,
    3.5,
    4.5,
    5.0,
    4.5,
    4.0,
    3.5,
    3.0
  ],
  "G": [
    2.0,
    2.5,
    3.0,
    3.5,
    4.0,
    4.0,
    4.0,
    4.0,
    3.5,
    2.0,
    0.5,
    0.05,
    0.05,
    0.5,
    2.0,
    3.5,
    4.5,
    5.0,
    4.5,
    4.0,
    3.5,
    3.0
  ],
  "NG": [
    2.0,
    2.5,
    3.0,
    3.5,
    4.0,
    4.0,
    4.0,
    4.0,
    3.5,
    2.0,
    0.5,
    0.05,
    0.05,
    0.5,
    2.0,
    3.5,
    4.5,
    5.0,
    4.5,
    4.0,
    3.5,
    3.0
  ],
  "S": [
    2.0,
    2.5,
    3.0,
    3.5,
    4.0,
    4.0,
    4.0,
    4.0,
    4.0,
    4.0,
    4.0,
    4.0,
    4.0,
    3.5,
    2.0,
    0.8,
    0.15,
    0.15,
    0.8,
    2.0,
    2.5,
    2.0
  ],
  "Z": [
    2.0,
    2.5,
    3.0,
    3.5,
    4.0,
    4.0,
    4.0,
    4.0,
    4.0,
    4.0,
    4.0,
    4.0,
    4.0,
    3.5,
    2.0,
    0.8,
    0.15,
    0.15,
    0.8,
    2.0,
    2.5,
    2.0
  ],
  "SH": [
    2.0,
    2.5,
    3.0,
    3.5,
    4.0,
    4.0,
    4.0,
    4.0,
    4.0,
    4.0,
    4.0,
    3.5,
    2.5,
    1.0,
    0.2,
    0.2,
    0.8,
    1.5,
    2.0,
    2.0,
    1.8,
    1.5
  ],
  "ZH": [
    2.0,
    2.5,
    3.0,
    3.5,
    4.0,
    4.0,
    4.0,
    4.0,
    4.0,
    4.0,
    4.0,
    3.5,
    2.5,
    1.0,
    0.2,
    0.2,
    0.8,
    1.5,
    2.0,
    2.0,
    1.8,
    1.5
  ],
  "F": [
    2.0,
    2.5,
    3.0,
    3.5,
    4.0,
    4.0,
    4.0,
    4.0,
    4.0,
    4.0,
    4.0,
    4.0,
    4.0,
    4.0,
    4.0,
    3.5,
    3.0,
    2.5,
    1.5,
    0.5,
    0.15,
    0.1
  ],
  "V": [
    2.0,
    2.5,
    3.0,
    3.5,
    4.0,
    4.0,
    4.0,
    4.0,
    4.0,
    4.0,
    4.0,
    4.0,
    4.0,
    4.0,
    4.0,
    3.5,
    3.0,
    2.5,
    1.5,
    0.5,
    0.15,
    0.1
  ],
  "TH": [
    2.0,
    2.5,
    3.0,
    3.5,
    4.0,
    4.0,
    4.0,
    4.0,
    4.0,
    4.0,
    4.0,
    4.0,
    4.0,
    4.0,
    3.5,
    3.0,
    2.5,
    2.0,
    1.0,
    0.5,
    0.2,
    0.15
  ],