{
  "beast_deep_85hz": {
    "f0_mean": 386.4,
    "f0_std": 68.2,
    "lpc_avg": [
      -0.58959,
      0.552852,
      -0.191026,
      0.482823,
      -0.196051,
      0.393561,
      -0.019157,
      0.334846,
      -0.095318,
      0.357841,
      -0.155967,
      0.314604,
      -0.144243,
      0.268376,
      -0.041294,
      0.248322
    ],
    "spectral_centroid": 3905.7,
    "spectral_bandwidth": 2509.8,
    "energy": 0.0924,
    "mfcc": [
      -354.213,
      -27.665,
      -19.934,
      -0.632,
      -6.509,
      -3.734,
      -17.47,
      -18.792,
      -8.751,
      17.381,
      9.037,
      8.168,
      -11.672
    ],
    "duration_s": 2.13,
    "sample_rate": 22050
  },
  "beast_female_210hz": {
    "f0_mean": 289.5,
    "f0_std": 78.0,
    "lpc_avg": [
      -0.672876,
      0.534802,
      -0.23199,
      0.56877,
      -0.223095,
      0.479627,
      0.042561,
      0.595079,
      -0.091669,
      0.364772,
      -0.176449,
      0.389829,
      -0.124325,
      0.292826,
      -0.127214,
      0.278203
    ],
    "spectral_centroid": 3849.0,
    "spectral_bandwidth": 2671.4,
    "energy": 0.0911,
    "mfcc": [
      -355.422,
      -43.467,
      -22.087,
      -2.7,
      -4.486,
      -9.788,
      -36.484,
      -42.612,
      -26.529,
      15.154,
      14.945,
      6.683,
      -20.569
    ],
    "duration_s": 2.16,
    "sample_rate": 22050
  },
  "beast_male_130hz": {
    "f0_mean": 377.6,
    "f0_std": 69.9,
    "lpc_avg": [
      -0.570388,
      0.49188,
      -0.168321,
      0.46572,
      -0.18491,
      0.355628,
      -0.04928,
      0.440006,
      -0.081849,
      0.300282,
      -0.134521,
      0.314565,
      -0.087918,
      0.29389,
      -0.092676,
      0.206708
    ],
    "spectral_centroid": 3784.3,
    "spectral_bandwidth": 2559.5,
    "energy": 0.098,
    "mfcc": [
      -338.306,
      -31.915,
      -23.411,
      -6.221,
      -13.438,
      -11.883,
      -21.19,
      -24.281,
      -20.49,
      9.077,
      11.353,
      10.514,
      -13.813
    ],
    "duration_s": 1.94,
    "sample_rate": 22050
  },
  "female_aria_neutral": {
    "f0_mean": 205.9,
    "f0_std": 47.4,
    "lpc_avg": [
      -1.620452,
      1.001727,
      -0.458153,
      0.635435,
      -0.754957,
      0.671537,
      -0.563821,
      0.453572,
      -0.306424,
      0.231498,
      -0.257267,
      0.382445,
      -0.475534,
      0.488963,
      -0.36266,
      0.126763
    ],
    "spectral_centroid": 2019.9,
    "spectral_bandwidth": 2131.5,
    "energy": 0.0875,
    "mfcc": [
      -201.434,
      95.239,
      -18.391,
      3.151,
      -5.262,
      0.204,
      -3.473,
      -2.07,
      -10.945,
      -0.769,
      -8.602,
      -0.298,
      -5.831
    ],
    "duration_s": 2.71,
    "sample_rate": 22050
  },
  "female_nova_happy": {
    "f0_mean": 247.7,
    "f0_std": 44.3,
    "lpc_avg": [
      -1.467028,
      0.870924,
      -0.439609,
      0.570331,
      -0.669006,
      0.641656,
      -0.616242,
      0.444863,
      -0.296695,
      0.313821,
      -0.255673,
      0.340743,
      -0.430337,
      0.396097,
      -0.240479,
      0.062815
    ],
    "spectral_centroid": 2222.0,
    "spectral_bandwidth": 2321.1,
    "energy": 0.1006,
    "mfcc": [
      -214.639,
      83.613,
      -9.039,
      7.118,
      -1.342,
      1.754,
      -4.431,
      -0.355,
      -5.167,
      1.215,
      -5.614,
      0.394,
      0.112
    ],
    "duration_s": 2.43,
    "sample_rate": 22050
  },
  "female_nova_neutral": {
    "f0_mean": 227.1,
    "f0_std": 42.5,
    "lpc_avg": [
      -1.455958,
      0.864612,
      -0.376054,
      0.55882,
      -0.694201,
      0.622748,
      -0.497428,
      0.374932,
      -0.309836,
      0.327626,
      -0.26018,
      0.33715,
      -0.460544,
      0.482511,
      -0.315462,
      0.076738
    ],
    "spectral_centroid": 2410.3,
    "spectral_bandwidth": 2299.1,
    "energy": 0.0948,
    "mfcc": [
      -214.901,
      78.18,
      -15.097,
      3.505,
      -3.201,
      -0.163,
      -5.805,
      -3.421,
      -7.536,
      0.471,
      -8.007,
      -1.938,
      -5.377
    ],
    "duration_s": 3.25,
    "sample_rate": 22050
  },
  "female_whisper_tender": {
    "f0_mean": 201.2,
    "f0_std": 64.9,
    "lpc_avg": [
      -1.468033,
      0.933391,
      -0.471489,
      0.580765,
      -0.672698,
      0.749654,
      -0.65805,
      0.41349,
      -0.317716,
      0.359998,
      -0.28628,
      0.37315,
      -0.493322,
      0.500722,
      -0.391051,
      0.144339
    ],
    "spectral_centroid": 2316.0,
    "spectral_bandwidth": 2247.9,
    "energy": 0.075,
    "mfcc": [
      -233.214,
      75.575,
      -17.354,
      6.861,
      -3.242,
      6.836,
      -4.954,
      -6.233,
      -10.181,
      -6.755,
      -10.759,
      2.618,
      -1.285
    ],
    "duration_s": 3.67,
    "sample_rate": 22050
  },
  "male_atlas_neutral": {
    "f0_mean": 94.1,
    "f0_std": 38.7,
    "lpc_avg": [
      -1.54691,
      0.992941,
      -0.454487,
      0.539713,
      -0.77719,
      0.834849,
      -0.704567,
      0.383043,
      -0.158807,
      0.268517,
      -0.284677,
      0.360838,
      -0.543832,
      0.597364,
      -0.387667,
      0.102732
    ],
    "spectral_centroid": 2040.5,
    "spectral_bandwidth": 2183.3,
    "energy": 0.0587,
    "mfcc": [
      -242.795,
      105.254,
      -10.999,
      14.803,
      1.492,
      -2.281,
      -1.828,
      2.589,
      -2.706,
      2.503,
      -1.662,
      3.246,
      -4.315
    ],
    "duration_s": 4.4,
    "sample_rate": 22050
  },
  "male_atlas_sad": {
    "f0_mean": 79.4,
    "f0_std": 71.1,
    "lpc_avg": [
      -1.514322,
      0.921451,
      -0.436028,
      0.465494,
      -0.671859,
      0.779192,
      -0.723897,
      0.369088,
      -0.100036,
      0.188565,
      -0.276061,
      0.370496,
      -0.568857,
      0.579132,
      -0.351682,
      0.090763
    ],
    "spectral_centroid": 2011.1,
    "spectral_bandwidth": 2274.9,
    "energy": 0.0576,
    "mfcc": [
      -236.901,
      105.366,
      -6.978,
      20.049,
      6.048,
      1.168,
      -1.199,
      3.174,
      -1.099,
      2.501,
      -0.605,
      1.95,
      -0.954
    ],
    "duration_s": 3.57,
    "sample_rate": 22050
  },
  "male_sage_neutral": {
    "f0_mean": 103.5,
    "f0_std": 29.2,
    "lpc_avg": [
      -1.522991,
      0.913116,
      -0.40485,
      0.469526,
      -0.661171,
      0.733605,
      -0.694846,
      0.395265,
      -0.119369,
      0.191329,
      -0.254653,
      0.344893,
      -0.550917,
      0.569522,
      -0.341349,
      0.087478
    ],
    "spectral_centroid": 1999.5,
    "spectral_bandwidth": 2246.1,
    "energy": 0.0768,
    "mfcc": [
      -222.155,
      100.712,
      -9.475,
      14.383,
      0.387,
      -0.746,
      1.934,
      5.891,
      -2.333,
      2.495,
      0.057,
      0.981,
      -2.378
    ],
    "duration_s": 3.6,
    "sample_rate": 22050
  },
  "male_spark_neutral": {
    "f0_mean": 175.1,
    "f0_std": 100.6,
    "lpc_avg": [
      -1.389288,
      0.902628,
      -0.367781,
      0.514938,
      -0.668196,
      0.611701,
      -0.48179,
      0.275062,
      -0.118158,
      0.208279,
      -0.18654,
      0.29154,
      -0.512361,
      0.52871,
      -0.325318,
      0.063214
    ],
    "spectral_centroid": 2530.0,
    "spectral_bandwidth": 2227.0,
    "energy": 0.0669,
    "mfcc": [
      -244.496,
      80.467,
      -15.968,
      9.381,
      -3.806,
      -4.035,
      -2.613,
      3.127,
      -7.722,
      -1.963,
      -5.937,
      -0.082,
      -6.317
    ],
    "duration_s": 2.58,
    "sample_rate": 22050
  },
  "male_storm_angry": {
    "f0_mean": 96.0,
    "f0_std": 31.2,